{
    "dropout_rate": 0.09181480309893941,
    "n_hidden": 4,
    "n_width": 128,
    "lr": 0.00036789818136859003,
    "score": 0.8695666432380676
}