{
    "dropout_rate": 0.01773678922298062,
    "n_hidden": 1,
    "n_width": 128,
    "lr": 0.0010373082590488594,
    "score": 0.9067000031471253
}